"variable_combination","adjR2","AIC"
"TA_mean+NA+NA+NA+NA+NA+NA+NA+NA","0.706","270.16"
"TA_sd+NA+NA+NA+NA+NA+NA+NA+NA","0.707","269.738"
"PA_sd+NA+NA+NA+NA+NA+NA+NA+NA","0.697","275.023"
"TCV_mean+NA+NA+NA+NA+NA+NA+NA+NA","0.698","274.601"
"PCV_sd+NA+NA+NA+NA+NA+NA+NA+NA","0.718","263.215"
"MAT_mean+NA+NA+NA+NA+NA+NA+NA+NA","0.762","235.338"
"MAT_sd+NA+NA+NA+NA+NA+NA+NA+NA","0.697","274.705"
"TSN_mean+NA+NA+NA+NA+NA+NA+NA+NA","0.711","267.139"
"PSN_mean+NA+NA+NA+NA+NA+NA+NA+NA","0.708","268.653"
"TA_mean+TA_sd+NA+NA+NA+NA+NA+NA+NA","0.717","265.993"
"TA_mean+PA_sd+NA+NA+NA+NA+NA+NA+NA","0.706","272.137"
"TA_mean+TCV_mean+NA+NA+NA+NA+NA+NA+NA","0.706","271.967"
"TA_mean+PCV_sd+NA+NA+NA+NA+NA+NA+NA","0.725","261.021"
"TA_mean+MAT_mean+NA+NA+NA+NA+NA+NA+NA","0.765","235.472"
"TA_mean+MAT_sd+NA+NA+NA+NA+NA+NA+NA","0.706","272.154"
"TA_mean+TSN_mean+NA+NA+NA+NA+NA+NA+NA","0.718","264.951"
"TA_mean+PSN_mean+NA+NA+NA+NA+NA+NA+NA","0.718","265.461"
"TA_sd+PA_sd+NA+NA+NA+NA+NA+NA+NA","0.707","271.733"
"TA_sd+TCV_mean+NA+NA+NA+NA+NA+NA+NA","0.707","271.292"
"TA_sd+PCV_sd+NA+NA+NA+NA+NA+NA+NA","0.728","259.488"
"TA_sd+MAT_mean+NA+NA+NA+NA+NA+NA+NA","0.764","236.115"
"TA_sd+MAT_sd+NA+NA+NA+NA+NA+NA+NA","0.708","270.712"
"TA_sd+TSN_mean+NA+NA+NA+NA+NA+NA+NA","0.72","263.997"
"TA_sd+PSN_mean+NA+NA+NA+NA+NA+NA+NA","0.719","264.431"
"PA_sd+TCV_mean+NA+NA+NA+NA+NA+NA+NA","0.698","276.565"
"PA_sd+PCV_sd+NA+NA+NA+NA+NA+NA+NA","0.718","264.95"
"PA_sd+MAT_mean+NA+NA+NA+NA+NA+NA+NA","0.766","235.069"
"PA_sd+MAT_sd+NA+NA+NA+NA+NA+NA+NA","0.697","276.687"
"PA_sd+TSN_mean+NA+NA+NA+NA+NA+NA+NA","0.711","269.013"
"PA_sd+PSN_mean+NA+NA+NA+NA+NA+NA+NA","0.708","270.646"
"TCV_mean+PCV_sd+NA+NA+NA+NA+NA+NA+NA","0.719","264.848"
"TCV_mean+MAT_mean+NA+NA+NA+NA+NA+NA+NA","0.762","237.246"
"TCV_mean+MAT_sd+NA+NA+NA+NA+NA+NA+NA","0.698","276.3"
"TCV_mean+TSN_mean+NA+NA+NA+NA+NA+NA+NA","0.711","269.118"
"TCV_mean+PSN_mean+NA+NA+NA+NA+NA+NA+NA","0.71","270.065"
"PCV_sd+MAT_mean+NA+NA+NA+NA+NA+NA+NA","0.783","222.888"
"PCV_sd+MAT_sd+NA+NA+NA+NA+NA+NA+NA","0.72","264.049"
"PCV_sd+TSN_mean+NA+NA+NA+NA+NA+NA+NA","0.733","256.081"
"PCV_sd+PSN_mean+NA+NA+NA+NA+NA+NA+NA","0.731","257.752"
"MAT_mean+MAT_sd+NA+NA+NA+NA+NA+NA+NA","0.763","236.985"
"MAT_mean+TSN_mean+NA+NA+NA+NA+NA+NA+NA","0.767","233.907"
"MAT_mean+PSN_mean+NA+NA+NA+NA+NA+NA+NA","0.77","231.734"
"MAT_sd+TSN_mean+NA+NA+NA+NA+NA+NA+NA","0.711","269.111"
"MAT_sd+PSN_mean+NA+NA+NA+NA+NA+NA+NA","0.709","270.61"
"TSN_mean+PSN_mean+NA+NA+NA+NA+NA+NA+NA","0.719","264.409"
"TA_mean+TA_sd+PA_sd+NA+NA+NA+NA+NA+NA","0.717","267.987"
"TA_mean+TA_sd+TCV_mean+NA+NA+NA+NA+NA+NA","0.717","267.817"
"TA_mean+TA_sd+PCV_sd+NA+NA+NA+NA+NA+NA","0.736","256.427"
"TA_mean+TA_sd+MAT_mean+NA+NA+NA+NA+NA+NA","0.767","235.958"
"TA_mean+TA_sd+MAT_sd+NA+NA+NA+NA+NA+NA","0.717","267.731"
"TA_mean+TA_sd+TSN_mean+NA+NA+NA+NA+NA+NA","0.729","260.979"
"TA_mean+TA_sd+PSN_mean+NA+NA+NA+NA+NA+NA","0.73","260.341"
"TA_mean+PA_sd+TCV_mean+NA+NA+NA+NA+NA+NA","0.706","273.932"
"TA_mean+PA_sd+PCV_sd+NA+NA+NA+NA+NA+NA","0.726","262.754"
"TA_mean+PA_sd+MAT_mean+NA+NA+NA+NA+NA+NA","0.768","235.386"
"TA_mean+PA_sd+MAT_sd+NA+NA+NA+NA+NA+NA","0.706","274.131"
"TA_mean+PA_sd+TSN_mean+NA+NA+NA+NA+NA+NA","0.719","266.853"
"TA_mean+PA_sd+PSN_mean+NA+NA+NA+NA+NA+NA","0.718","267.452"
"TA_mean+TCV_mean+PCV_sd+NA+NA+NA+NA+NA+NA","0.725","262.873"
"TA_mean+TCV_mean+MAT_mean+NA+NA+NA+NA+NA+NA","0.765","237.311"
"TA_mean+TCV_mean+MAT_sd+NA+NA+NA+NA+NA+NA","0.706","273.963"
"TA_mean+TCV_mean+TSN_mean+NA+NA+NA+NA+NA+NA","0.719","266.947"
"TA_mean+TCV_mean+PSN_mean+NA+NA+NA+NA+NA+NA","0.718","267.159"
"TA_mean+PCV_sd+MAT_mean+NA+NA+NA+NA+NA+NA","0.784","223.596"
"TA_mean+PCV_sd+MAT_sd+NA+NA+NA+NA+NA+NA","0.726","262.645"
"TA_mean+PCV_sd+TSN_mean+NA+NA+NA+NA+NA+NA","0.739","254.661"
"TA_mean+PCV_sd+PSN_mean+NA+NA+NA+NA+NA+NA","0.738","255.282"
"TA_mean+MAT_mean+MAT_sd+NA+NA+NA+NA+NA+NA","0.765","237.369"
"TA_mean+MAT_mean+TSN_mean+NA+NA+NA+NA+NA+NA","0.77","234.179"
"TA_mean+MAT_mean+PSN_mean+NA+NA+NA+NA+NA+NA","0.773","231.827"
"TA_mean+MAT_sd+TSN_mean+NA+NA+NA+NA+NA+NA","0.719","266.862"
"TA_mean+MAT_sd+PSN_mean+NA+NA+NA+NA+NA+NA","0.718","267.365"
"TA_mean+TSN_mean+PSN_mean+NA+NA+NA+NA+NA+NA","0.727","261.656"
"TA_sd+PA_sd+TCV_mean+NA+NA+NA+NA+NA+NA","0.707","273.291"
"TA_sd+PA_sd+PCV_sd+NA+NA+NA+NA+NA+NA","0.728","261.395"
"TA_sd+PA_sd+MAT_mean+NA+NA+NA+NA+NA+NA","0.768","235.679"
"TA_sd+PA_sd+MAT_sd+NA+NA+NA+NA+NA+NA","0.708","272.702"
"TA_sd+PA_sd+TSN_mean+NA+NA+NA+NA+NA+NA","0.721","265.693"
"TA_sd+PA_sd+PSN_mean+NA+NA+NA+NA+NA+NA","0.719","266.407"
"TA_sd+TCV_mean+PCV_sd+NA+NA+NA+NA+NA+NA","0.728","261.121"
"TA_sd+TCV_mean+MAT_mean+NA+NA+NA+NA+NA+NA","0.764","238.035"
"TA_sd+TCV_mean+MAT_sd+NA+NA+NA+NA+NA+NA","0.709","272.329"
"TA_sd+TCV_mean+TSN_mean+NA+NA+NA+NA+NA+NA","0.72","265.968"
"TA_sd+TCV_mean+PSN_mean+NA+NA+NA+NA+NA+NA","0.72","265.844"
"TA_sd+PCV_sd+MAT_mean+NA+NA+NA+NA+NA+NA","0.784","223.45"
"TA_sd+PCV_sd+MAT_sd+NA+NA+NA+NA+NA+NA","0.732","259.081"
"TA_sd+PCV_sd+TSN_mean+NA+NA+NA+NA+NA+NA","0.742","252.559"
"TA_sd+PCV_sd+PSN_mean+NA+NA+NA+NA+NA+NA","0.742","252.914"
"TA_sd+MAT_mean+MAT_sd+NA+NA+NA+NA+NA+NA","0.765","237.461"
"TA_sd+MAT_mean+TSN_mean+NA+NA+NA+NA+NA+NA","0.769","234.549"
"TA_sd+MAT_mean+PSN_mean+NA+NA+NA+NA+NA+NA","0.773","232.005"
"TA_sd+MAT_sd+TSN_mean+NA+NA+NA+NA+NA+NA","0.721","265.649"
"TA_sd+MAT_sd+PSN_mean+NA+NA+NA+NA+NA+NA","0.72","266.012"
"TA_sd+TSN_mean+PSN_mean+NA+NA+NA+NA+NA+NA","0.729","260.458"
"PA_sd+TCV_mean+PCV_sd+NA+NA+NA+NA+NA+NA","0.719","266.53"
"PA_sd+TCV_mean+MAT_mean+NA+NA+NA+NA+NA+NA","0.766","236.782"
"PA_sd+TCV_mean+MAT_sd+NA+NA+NA+NA+NA+NA","0.698","278.267"
"PA_sd+TCV_mean+TSN_mean+NA+NA+NA+NA+NA+NA","0.711","271.002"
"PA_sd+TCV_mean+PSN_mean+NA+NA+NA+NA+NA+NA","0.71","272.044"
"PA_sd+PCV_sd+MAT_mean+NA+NA+NA+NA+NA+NA","0.784","223.523"
"PA_sd+PCV_sd+MAT_sd+NA+NA+NA+NA+NA+NA","0.721","265.775"
"PA_sd+PCV_sd+TSN_mean+NA+NA+NA+NA+NA+NA","0.733","258.081"
"PA_sd+PCV_sd+PSN_mean+NA+NA+NA+NA+NA+NA","0.731","259.53"
"PA_sd+MAT_mean+MAT_sd+NA+NA+NA+NA+NA+NA","0.766","236.687"
"PA_sd+MAT_mean+TSN_mean+NA+NA+NA+NA+NA+NA","0.771","232.99"
"PA_sd+MAT_mean+PSN_mean+NA+NA+NA+NA+NA+NA","0.774","231.211"
"PA_sd+MAT_sd+TSN_mean+NA+NA+NA+NA+NA+NA","0.711","270.987"
"PA_sd+MAT_sd+PSN_mean+NA+NA+NA+NA+NA+NA","0.709","272.603"
"PA_sd+TSN_mean+PSN_mean+NA+NA+NA+NA+NA+NA","0.72","266.3"
"TCV_mean+PCV_sd+MAT_mean+NA+NA+NA+NA+NA+NA","0.783","224.64"
"TCV_mean+PCV_sd+MAT_sd+NA+NA+NA+NA+NA+NA","0.721","265.743"
"TCV_mean+PCV_sd+TSN_mean+NA+NA+NA+NA+NA+NA","0.733","258.079"
"TCV_mean+PCV_sd+PSN_mean+NA+NA+NA+NA+NA+NA","0.731","259.249"
"TCV_mean+MAT_mean+MAT_sd+NA+NA+NA+NA+NA+NA","0.763","238.879"
"TCV_mean+MAT_mean+TSN_mean+NA+NA+NA+NA+NA+NA","0.768","235.668"
"TCV_mean+MAT_mean+PSN_mean+NA+NA+NA+NA+NA+NA","0.771","233.595"
"TCV_mean+MAT_sd+TSN_mean+NA+NA+NA+NA+NA+NA","0.711","271.091"
"TCV_mean+MAT_sd+PSN_mean+NA+NA+NA+NA+NA+NA","0.71","272.036"
"TCV_mean+TSN_mean+PSN_mean+NA+NA+NA+NA+NA+NA","0.72","266.307"
"PCV_sd+MAT_mean+MAT_sd+NA+NA+NA+NA+NA+NA","0.784","223.658"
"PCV_sd+MAT_mean+TSN_mean+NA+NA+NA+NA+NA+NA","0.787","221.261"
"PCV_sd+MAT_mean+PSN_mean+NA+NA+NA+NA+NA+NA","0.792","217.689"
"PCV_sd+MAT_sd+TSN_mean+NA+NA+NA+NA+NA+NA","0.734","257.633"
"PCV_sd+MAT_sd+PSN_mean+NA+NA+NA+NA+NA+NA","0.731","259.28"
"PCV_sd+TSN_mean+PSN_mean+NA+NA+NA+NA+NA+NA","0.742","252.687"
"MAT_mean+MAT_sd+TSN_mean+NA+NA+NA+NA+NA+NA","0.767","235.805"
"MAT_mean+MAT_sd+PSN_mean+NA+NA+NA+NA+NA+NA","0.771","233.653"
"MAT_mean+TSN_mean+PSN_mean+NA+NA+NA+NA+NA+NA","0.774","231.108"
"MAT_sd+TSN_mean+PSN_mean+NA+NA+NA+NA+NA+NA","0.719","266.393"
"TA_mean+TA_sd+PA_sd+TCV_mean+NA+NA+NA+NA+NA","0.717","269.815"
"TA_mean+TA_sd+PA_sd+PCV_sd+NA+NA+NA+NA+NA","0.736","258.343"
"TA_mean+TA_sd+PA_sd+MAT_mean+NA+NA+NA+NA+NA","0.77","235.701"
"TA_mean+TA_sd+PA_sd+MAT_sd+NA+NA+NA+NA+NA","0.717","269.724"
"TA_mean+TA_sd+PA_sd+TSN_mean+NA+NA+NA+NA+NA","0.729","262.704"
"TA_mean+TA_sd+PA_sd+PSN_mean+NA+NA+NA+NA+NA","0.73","262.316"
"TA_mean+TA_sd+TCV_mean+PCV_sd+NA+NA+NA+NA+NA","0.736","258.299"
"TA_mean+TA_sd+TCV_mean+MAT_mean+NA+NA+NA+NA+NA","0.767","237.799"
"TA_mean+TA_sd+TCV_mean+MAT_sd+NA+NA+NA+NA+NA","0.717","269.568"
"TA_mean+TA_sd+TCV_mean+TSN_mean+NA+NA+NA+NA+NA","0.729","262.976"
"TA_mean+TA_sd+TCV_mean+PSN_mean+NA+NA+NA+NA+NA","0.73","262.076"
"TA_mean+TA_sd+PCV_sd+MAT_mean+NA+NA+NA+NA+NA","0.787","223.872"
"TA_mean+TA_sd+PCV_sd+MAT_sd+NA+NA+NA+NA+NA","0.738","257.265"
"TA_mean+TA_sd+PCV_sd+TSN_mean+NA+NA+NA+NA+NA","0.749","250.334"
"TA_mean+TA_sd+PCV_sd+PSN_mean+NA+NA+NA+NA+NA","0.75","249.506"
"TA_mean+TA_sd+MAT_mean+MAT_sd+NA+NA+NA+NA+NA","0.768","237.673"
"TA_mean+TA_sd+MAT_mean+TSN_mean+NA+NA+NA+NA+NA","0.772","234.548"
"TA_mean+TA_sd+MAT_mean+PSN_mean+NA+NA+NA+NA+NA","0.776","231.709"
"TA_mean+TA_sd+MAT_sd+TSN_mean+NA+NA+NA+NA+NA","0.729","262.963"
"TA_mean+TA_sd+MAT_sd+PSN_mean+NA+NA+NA+NA+NA","0.73","262.325"
"TA_mean+TA_sd+TSN_mean+PSN_mean+NA+NA+NA+NA+NA","0.739","256.845"
"TA_mean+PA_sd+TCV_mean+PCV_sd+NA+NA+NA+NA+NA","0.726","264.572"
"TA_mean+PA_sd+TCV_mean+MAT_mean+NA+NA+NA+NA+NA","0.769","236.992"
"TA_mean+PA_sd+TCV_mean+MAT_sd+NA+NA+NA+NA+NA","0.706","275.928"
"TA_mean+PA_sd+TCV_mean+TSN_mean+NA+NA+NA+NA+NA","0.719","268.845"
"TA_mean+PA_sd+TCV_mean+PSN_mean+NA+NA+NA+NA+NA","0.718","269.139"
"TA_mean+PA_sd+PCV_sd+MAT_mean+NA+NA+NA+NA+NA","0.786","224.327"
"TA_mean+PA_sd+PCV_sd+MAT_sd+NA+NA+NA+NA+NA","0.726","264.373"
"TA_mean+PA_sd+PCV_sd+TSN_mean+NA+NA+NA+NA+NA","0.739","256.66"
"TA_mean+PA_sd+PCV_sd+PSN_mean+NA+NA+NA+NA+NA","0.738","257.059"
"TA_mean+PA_sd+MAT_mean+MAT_sd+NA+NA+NA+NA+NA","0.768","237.257"
"TA_mean+PA_sd+MAT_mean+TSN_mean+NA+NA+NA+NA+NA","0.774","233.484"
"TA_mean+PA_sd+MAT_mean+PSN_mean+NA+NA+NA+NA+NA","0.776","231.492"
"TA_mean+PA_sd+MAT_sd+TSN_mean+NA+NA+NA+NA+NA","0.719","268.763"
"TA_mean+PA_sd+MAT_sd+PSN_mean+NA+NA+NA+NA+NA","0.718","269.355"
"TA_mean+PA_sd+TSN_mean+PSN_mean+NA+NA+NA+NA+NA","0.728","263.571"
"TA_mean+TCV_mean+PCV_sd+MAT_mean+NA+NA+NA+NA+NA","0.785","225.235"
"TA_mean+TCV_mean+PCV_sd+MAT_sd+NA+NA+NA+NA+NA","0.726","264.509"
"TA_mean+TCV_mean+PCV_sd+TSN_mean+NA+NA+NA+NA+NA","0.739","256.639"
"TA_mean+TCV_mean+PCV_sd+PSN_mean+NA+NA+NA+NA+NA","0.738","257.04"
"TA_mean+TCV_mean+MAT_mean+MAT_sd+NA+NA+NA+NA+NA","0.765","239.203"
"TA_mean+TCV_mean+MAT_mean+TSN_mean+NA+NA+NA+NA+NA","0.77","235.845"
"TA_mean+TCV_mean+MAT_mean+PSN_mean+NA+NA+NA+NA+NA","0.773","233.589"
"TA_mean+TCV_mean+MAT_sd+TSN_mean+NA+NA+NA+NA+NA","0.719","268.859"
"TA_mean+TCV_mean+MAT_sd+PSN_mean+NA+NA+NA+NA+NA","0.718","269.052"
"TA_mean+TCV_mean+TSN_mean+PSN_mean+NA+NA+NA+NA+NA","0.728","263.64"
"TA_mean+PCV_sd+MAT_mean+MAT_sd+NA+NA+NA+NA+NA","0.785","224.82"
"TA_mean+PCV_sd+MAT_mean+TSN_mean+NA+NA+NA+NA+NA","0.789","222.151"
"TA_mean+PCV_sd+MAT_mean+PSN_mean+NA+NA+NA+NA+NA","0.794","218.324"
"TA_mean+PCV_sd+MAT_sd+TSN_mean+NA+NA+NA+NA+NA","0.739","256.599"
"TA_mean+PCV_sd+MAT_sd+PSN_mean+NA+NA+NA+NA+NA","0.738","257.243"
"TA_mean+PCV_sd+TSN_mean+PSN_mean+NA+NA+NA+NA+NA","0.748","250.791"
"TA_mean+MAT_mean+MAT_sd+TSN_mean+NA+NA+NA+NA+NA","0.77","236.175"
"TA_mean+MAT_mean+MAT_sd+PSN_mean+NA+NA+NA+NA+NA","0.773","233.827"
"TA_mean+MAT_mean+TSN_mean+PSN_mean+NA+NA+NA+NA+NA","0.777","231.233"
"TA_mean+MAT_sd+TSN_mean+PSN_mean+NA+NA+NA+NA+NA","0.728","263.248"
"TA_sd+PA_sd+TCV_mean+PCV_sd+NA+NA+NA+NA+NA","0.729","262.995"
"TA_sd+PA_sd+TCV_mean+MAT_mean+NA+NA+NA+NA+NA","0.768","237.396"
"TA_sd+PA_sd+TCV_mean+MAT_sd+NA+NA+NA+NA+NA","0.709","274.327"
"TA_sd+PA_sd+TCV_mean+TSN_mean+NA+NA+NA+NA+NA","0.721","267.682"
"TA_sd+PA_sd+TCV_mean+PSN_mean+NA+NA+NA+NA+NA","0.72","267.836"
"TA_sd+PA_sd+PCV_sd+MAT_mean+NA+NA+NA+NA+NA","0.786","223.951"
"TA_sd+PA_sd+PCV_sd+MAT_sd+NA+NA+NA+NA+NA","0.732","260.996"
"TA_sd+PA_sd+PCV_sd+TSN_mean+NA+NA+NA+NA+NA","0.742","254.519"
"TA_sd+PA_sd+PCV_sd+PSN_mean+NA+NA+NA+NA+NA","0.742","254.86"
"TA_sd+PA_sd+MAT_mean+MAT_sd+NA+NA+NA+NA+NA","0.769","236.965"
"TA_sd+PA_sd+MAT_mean+TSN_mean+NA+NA+NA+NA+NA","0.774","233.433"
"TA_sd+PA_sd+MAT_mean+PSN_mean+NA+NA+NA+NA+NA","0.777","231.212"
"TA_sd+PA_sd+MAT_sd+TSN_mean+NA+NA+NA+NA+NA","0.721","267.344"
"TA_sd+PA_sd+MAT_sd+PSN_mean+NA+NA+NA+NA+NA","0.72","267.984"
"TA_sd+PA_sd+TSN_mean+PSN_mean+NA+NA+NA+NA+NA","0.73","262.159"
"TA_sd+TCV_mean+PCV_sd+MAT_mean+NA+NA+NA+NA+NA","0.785","225.224"
"TA_sd+TCV_mean+PCV_sd+MAT_sd+NA+NA+NA+NA+NA","0.732","260.802"
"TA_sd+TCV_mean+PCV_sd+TSN_mean+NA+NA+NA+NA+NA","0.742","254.555"
"TA_sd+TCV_mean+PCV_sd+PSN_mean+NA+NA+NA+NA+NA","0.743","254.416"
"TA_sd+TCV_mean+MAT_mean+MAT_sd+NA+NA+NA+NA+NA","0.765","239.364"
"TA_sd+TCV_mean+MAT_mean+TSN_mean+NA+NA+NA+NA+NA","0.77","236.346"
"TA_sd+TCV_mean+MAT_mean+PSN_mean+NA+NA+NA+NA+NA","0.773","233.864"
"TA_sd+TCV_mean+MAT_sd+TSN_mean+NA+NA+NA+NA+NA","0.721","267.625"
"TA_sd+TCV_mean+MAT_sd+PSN_mean+NA+NA+NA+NA+NA","0.721","267.471"
"TA_sd+TCV_mean+TSN_mean+PSN_mean+NA+NA+NA+NA+NA","0.73","262.328"
"TA_sd+PCV_sd+MAT_mean+MAT_sd+NA+NA+NA+NA+NA","0.787","223.602"
"TA_sd+PCV_sd+MAT_mean+TSN_mean+NA+NA+NA+NA+NA","0.789","221.666"
"TA_sd+PCV_sd+MAT_mean+PSN_mean+NA+NA+NA+NA+NA","0.795","217.591"
"TA_sd+PCV_sd+MAT_sd+TSN_mean+NA+NA+NA+NA+NA","0.744","253.281"
"TA_sd+PCV_sd+MAT_sd+PSN_mean+NA+NA+NA+NA+NA","0.744","253.545"
"TA_sd+PCV_sd+TSN_mean+PSN_mean+NA+NA+NA+NA+NA","0.752","248.185"
"TA_sd+MAT_mean+MAT_sd+TSN_mean+NA+NA+NA+NA+NA","0.77","236.256"
"TA_sd+MAT_mean+MAT_sd+PSN_mean+NA+NA+NA+NA+NA","0.773","233.75"
"TA_sd+MAT_mean+TSN_mean+PSN_mean+NA+NA+NA+NA+NA","0.776","231.473"
"TA_sd+MAT_sd+TSN_mean+PSN_mean+NA+NA+NA+NA+NA","0.73","262.361"
"PA_sd+TCV_mean+PCV_sd+MAT_mean+NA+NA+NA+NA+NA","0.785","225.061"
"PA_sd+TCV_mean+PCV_sd+MAT_sd+NA+NA+NA+NA+NA","0.721","267.421"
"PA_sd+TCV_mean+PCV_sd+TSN_mean+NA+NA+NA+NA+NA","0.733","260.079"
"PA_sd+TCV_mean+PCV_sd+PSN_mean+NA+NA+NA+NA+NA","0.732","260.969"
"PA_sd+TCV_mean+MAT_mean+MAT_sd+NA+NA+NA+NA+NA","0.767","238.381"
"PA_sd+TCV_mean+MAT_mean+TSN_mean+NA+NA+NA+NA+NA","0.772","234.441"
"PA_sd+TCV_mean+MAT_mean+PSN_mean+NA+NA+NA+NA+NA","0.775","232.763"
"PA_sd+TCV_mean+MAT_sd+TSN_mean+NA+NA+NA+NA+NA","0.711","272.977"
"PA_sd+TCV_mean+MAT_sd+PSN_mean+NA+NA+NA+NA+NA","0.71","274.016"
"PA_sd+TCV_mean+TSN_mean+PSN_mean+NA+NA+NA+NA+NA","0.72","268.219"
"PA_sd+PCV_sd+MAT_mean+MAT_sd+NA+NA+NA+NA+NA","0.786","224.286"
"PA_sd+PCV_sd+MAT_mean+TSN_mean+NA+NA+NA+NA+NA","0.79","221.362"
"PA_sd+PCV_sd+MAT_mean+PSN_mean+NA+NA+NA+NA+NA","0.794","218.128"
"PA_sd+PCV_sd+MAT_sd+TSN_mean+NA+NA+NA+NA+NA","0.734","259.633"
"PA_sd+PCV_sd+MAT_sd+PSN_mean+NA+NA+NA+NA+NA","0.732","261.05"
"PA_sd+PCV_sd+TSN_mean+PSN_mean+NA+NA+NA+NA+NA","0.742","254.685"
"PA_sd+MAT_mean+MAT_sd+TSN_mean+NA+NA+NA+NA+NA","0.772","234.877"
"PA_sd+MAT_mean+MAT_sd+PSN_mean+NA+NA+NA+NA+NA","0.774","233.134"
"PA_sd+MAT_mean+TSN_mean+PSN_mean+NA+NA+NA+NA+NA","0.778","230.126"
"PA_sd+MAT_sd+TSN_mean+PSN_mean+NA+NA+NA+NA+NA","0.72","268.282"
"TCV_mean+PCV_sd+MAT_mean+MAT_sd+NA+NA+NA+NA+NA","0.785","225.355"
"TCV_mean+PCV_sd+MAT_mean+TSN_mean+NA+NA+NA+NA+NA","0.788","222.761"
"TCV_mean+PCV_sd+MAT_mean+PSN_mean+NA+NA+NA+NA+NA","0.792","219.339"
"TCV_mean+PCV_sd+MAT_sd+TSN_mean+NA+NA+NA+NA+NA","0.734","259.633"
"TCV_mean+PCV_sd+MAT_sd+PSN_mean+NA+NA+NA+NA+NA","0.732","260.824"
"TCV_mean+PCV_sd+TSN_mean+PSN_mean+NA+NA+NA+NA+NA","0.742","254.636"
"TCV_mean+MAT_mean+MAT_sd+TSN_mean+NA+NA+NA+NA+NA","0.768","237.553"
"TCV_mean+MAT_mean+MAT_sd+PSN_mean+NA+NA+NA+NA+NA","0.771","235.513"
"TCV_mean+MAT_mean+TSN_mean+PSN_mean+NA+NA+NA+NA+NA","0.774","232.954"
"TCV_mean+MAT_sd+TSN_mean+PSN_mean+NA+NA+NA+NA+NA","0.72","268.287"
"PCV_sd+MAT_mean+MAT_sd+TSN_mean+NA+NA+NA+NA+NA","0.788","222.566"
"PCV_sd+MAT_mean+MAT_sd+PSN_mean+NA+NA+NA+NA+NA","0.793","219.09"
"PCV_sd+MAT_mean+TSN_mean+PSN_mean+NA+NA+NA+NA+NA","0.795","217.174"
"PCV_sd+MAT_sd+TSN_mean+PSN_mean+NA+NA+NA+NA+NA","0.742","254.557"
"MAT_mean+MAT_sd+TSN_mean+PSN_mean+NA+NA+NA+NA+NA","0.774","233.088"
"TA_mean+TA_sd+PA_sd+TCV_mean+PCV_sd+NA+NA+NA+NA","0.736","260.196"
"TA_mean+TA_sd+PA_sd+TCV_mean+MAT_mean+NA+NA+NA+NA","0.771","237.284"
"TA_mean+TA_sd+PA_sd+TCV_mean+MAT_sd+NA+NA+NA+NA","0.717","271.565"
"TA_mean+TA_sd+PA_sd+TCV_mean+TSN_mean+NA+NA+NA+NA","0.729","264.692"
"TA_mean+TA_sd+PA_sd+TCV_mean+PSN_mean+NA+NA+NA+NA","0.73","264.063"
"TA_mean+TA_sd+PA_sd+PCV_sd+MAT_mean+NA+NA+NA+NA","0.788","224.467"
"TA_mean+TA_sd+PA_sd+PCV_sd+MAT_sd+NA+NA+NA+NA","0.738","259.186"
"TA_mean+TA_sd+PA_sd+PCV_sd+TSN_mean+NA+NA+NA+NA","0.749","252.299"
"TA_mean+TA_sd+PA_sd+PCV_sd+PSN_mean+NA+NA+NA+NA","0.75","251.46"
"TA_mean+TA_sd+PA_sd+MAT_mean+MAT_sd+NA+NA+NA+NA","0.771","237.364"
"TA_mean+TA_sd+PA_sd+MAT_mean+TSN_mean+NA+NA+NA+NA","0.776","233.659"
"TA_mean+TA_sd+PA_sd+MAT_mean+PSN_mean+NA+NA+NA+NA","0.78","231.084"
"TA_mean+TA_sd+PA_sd+MAT_sd+TSN_mean+NA+NA+NA+NA","0.729","264.688"
"TA_mean+TA_sd+PA_sd+MAT_sd+PSN_mean+NA+NA+NA+NA","0.73","264.299"
"TA_mean+TA_sd+PA_sd+TSN_mean+PSN_mean+NA+NA+NA+NA","0.739","258.569"
"TA_mean+TA_sd+TCV_mean+PCV_sd+MAT_mean+NA+NA+NA+NA","0.787","225.514"
"TA_mean+TA_sd+TCV_mean+PCV_sd+MAT_sd+NA+NA+NA+NA","0.738","259.158"
"TA_mean+TA_sd+TCV_mean+PCV_sd+TSN_mean+NA+NA+NA+NA","0.749","252.312"
"TA_mean+TA_sd+TCV_mean+PCV_sd+PSN_mean+NA+NA+NA+NA","0.75","251.303"
"TA_mean+TA_sd+TCV_mean+MAT_mean+MAT_sd+NA+NA+NA+NA","0.768","239.508"
"TA_mean+TA_sd+TCV_mean+MAT_mean+TSN_mean+NA+NA+NA+NA","0.772","236.247"
"TA_mean+TA_sd+TCV_mean+MAT_mean+PSN_mean+NA+NA+NA+NA","0.776","233.434"
"TA_mean+TA_sd+TCV_mean+MAT_sd+TSN_mean+NA+NA+NA+NA","0.729","264.961"
"TA_mean+TA_sd+TCV_mean+MAT_sd+PSN_mean+NA+NA+NA+NA","0.73","264.063"
"TA_mean+TA_sd+TCV_mean+TSN_mean+PSN_mean+NA+NA+NA+NA","0.739","258.823"
"TA_mean+TA_sd+PCV_sd+MAT_mean+MAT_sd+NA+NA+NA+NA","0.788","224.612"
"TA_mean+TA_sd+PCV_sd+MAT_mean+TSN_mean+NA+NA+NA+NA","0.791","222.302"
"TA_mean+TA_sd+PCV_sd+MAT_mean+PSN_mean+NA+NA+NA+NA","0.797","217.815"
"TA_mean+TA_sd+PCV_sd+MAT_sd+TSN_mean+NA+NA+NA+NA","0.75","251.841"
"TA_mean+TA_sd+PCV_sd+MAT_sd+PSN_mean+NA+NA+NA+NA","0.751","251.054"
"TA_mean+TA_sd+PCV_sd+TSN_mean+PSN_mean+NA+NA+NA+NA","0.759","245.431"
"TA_mean+TA_sd+MAT_mean+MAT_sd+TSN_mean+NA+NA+NA+NA","0.772","236.471"
"TA_mean+TA_sd+MAT_mean+MAT_sd+PSN_mean+NA+NA+NA+NA","0.776","233.67"
"TA_mean+TA_sd+MAT_mean+TSN_mean+PSN_mean+NA+NA+NA+NA","0.779","231.291"
"TA_mean+TA_sd+MAT_sd+TSN_mean+PSN_mean+NA+NA+NA+NA","0.739","258.809"
"TA_mean+PA_sd+TCV_mean+PCV_sd+MAT_mean+NA+NA+NA+NA","0.787","225.721"
"TA_mean+PA_sd+TCV_mean+PCV_sd+MAT_sd+NA+NA+NA+NA","0.727","266.205"
"TA_mean+PA_sd+TCV_mean+PCV_sd+TSN_mean+NA+NA+NA+NA","0.739","258.638"
"TA_mean+PA_sd+TCV_mean+PCV_sd+PSN_mean+NA+NA+NA+NA","0.739","258.778"
"TA_mean+PA_sd+TCV_mean+MAT_mean+MAT_sd+NA+NA+NA+NA","0.769","238.859"
"TA_mean+PA_sd+TCV_mean+MAT_mean+TSN_mean+NA+NA+NA+NA","0.774","234.813"
"TA_mean+PA_sd+TCV_mean+MAT_mean+PSN_mean+NA+NA+NA+NA","0.777","232.874"
"TA_mean+PA_sd+TCV_mean+MAT_sd+TSN_mean+NA+NA+NA+NA","0.719","270.754"
"TA_mean+PA_sd+TCV_mean+MAT_sd+PSN_mean+NA+NA+NA+NA","0.718","271.032"
"TA_mean+PA_sd+TCV_mean+TSN_mean+PSN_mean+NA+NA+NA+NA","0.728","265.562"
"TA_mean+PA_sd+PCV_sd+MAT_mean+MAT_sd+NA+NA+NA+NA","0.787","225.528"
"TA_mean+PA_sd+PCV_sd+MAT_mean+TSN_mean+NA+NA+NA+NA","0.791","222.373"
"TA_mean+PA_sd+PCV_sd+MAT_mean+PSN_mean+NA+NA+NA+NA","0.796","218.859"
"TA_mean+PA_sd+PCV_sd+MAT_sd+TSN_mean+NA+NA+NA+NA","0.739","258.598"
"TA_mean+PA_sd+PCV_sd+MAT_sd+PSN_mean+NA+NA+NA+NA","0.738","259.017"
"TA_mean+PA_sd+PCV_sd+TSN_mean+PSN_mean+NA+NA+NA+NA","0.748","252.788"
"TA_mean+PA_sd+MAT_mean+MAT_sd+TSN_mean+NA+NA+NA+NA","0.774","235.475"
"TA_mean+PA_sd+MAT_mean+MAT_sd+PSN_mean+NA+NA+NA+NA","0.776","233.492"
"TA_mean+PA_sd+MAT_mean+TSN_mean+PSN_mean+NA+NA+NA+NA","0.78","230.486"
"TA_mean+PA_sd+MAT_sd+TSN_mean+PSN_mean+NA+NA+NA+NA","0.728","265.16"
"TA_mean+TCV_mean+PCV_sd+MAT_mean+MAT_sd+NA+NA+NA+NA","0.786","226.432"
"TA_mean+TCV_mean+PCV_sd+MAT_mean+TSN_mean+NA+NA+NA+NA","0.79","223.522"
"TA_mean+TCV_mean+PCV_sd+MAT_mean+PSN_mean+NA+NA+NA+NA","0.794","219.81"
"TA_mean+TCV_mean+PCV_sd+MAT_sd+TSN_mean+NA+NA+NA+NA","0.739","258.576"
"TA_mean+TCV_mean+PCV_sd+MAT_sd+PSN_mean+NA+NA+NA+NA","0.738","259.006"
"TA_mean+TCV_mean+PCV_sd+TSN_mean+PSN_mean+NA+NA+NA+NA","0.748","252.79"
"TA_mean+TCV_mean+MAT_mean+MAT_sd+TSN_mean+NA+NA+NA+NA","0.77","237.84"
"TA_mean+TCV_mean+MAT_mean+MAT_sd+PSN_mean+NA+NA+NA+NA","0.773","235.589"
"TA_mean+TCV_mean+MAT_mean+TSN_mean+PSN_mean+NA+NA+NA+NA","0.777","233.011"
"TA_mean+TCV_mean+MAT_sd+TSN_mean+PSN_mean+NA+NA+NA+NA","0.728","265.228"
"TA_mean+PCV_sd+MAT_mean+MAT_sd+TSN_mean+NA+NA+NA+NA","0.789","223.763"
"TA_mean+PCV_sd+MAT_mean+MAT_sd+PSN_mean+NA+NA+NA+NA","0.794","220.053"
"TA_mean+PCV_sd+MAT_mean+TSN_mean+PSN_mean+NA+NA+NA+NA","0.797","217.958"
"TA_mean+PCV_sd+MAT_sd+TSN_mean+PSN_mean+NA+NA+NA+NA","0.748","252.78"
"TA_mean+MAT_mean+MAT_sd+TSN_mean+PSN_mean+NA+NA+NA+NA","0.777","233.215"
"TA_sd+PA_sd+TCV_mean+PCV_sd+MAT_mean+NA+NA+NA+NA","0.787","225.502"
"TA_sd+PA_sd+TCV_mean+PCV_sd+MAT_sd+NA+NA+NA+NA","0.732","262.69"
"TA_sd+PA_sd+TCV_mean+PCV_sd+TSN_mean+NA+NA+NA+NA","0.742","256.518"
"TA_sd+PA_sd+TCV_mean+PCV_sd+PSN_mean+NA+NA+NA+NA","0.743","256.331"
"TA_sd+PA_sd+TCV_mean+MAT_mean+MAT_sd+NA+NA+NA+NA","0.769","238.659"
"TA_sd+PA_sd+TCV_mean+MAT_mean+TSN_mean+NA+NA+NA+NA","0.774","234.927"
"TA_sd+PA_sd+TCV_mean+MAT_mean+PSN_mean+NA+NA+NA+NA","0.777","232.724"
"TA_sd+PA_sd+TCV_mean+MAT_sd+TSN_mean+NA+NA+NA+NA","0.721","269.335"
"TA_sd+PA_sd+TCV_mean+MAT_sd+PSN_mean+NA+NA+NA+NA","0.721","269.459"
"TA_sd+PA_sd+TCV_mean+TSN_mean+PSN_mean+NA+NA+NA+NA","0.73","264.068"
"TA_sd+PA_sd+PCV_sd+MAT_mean+MAT_sd+NA+NA+NA+NA","0.789","224.072"
"TA_sd+PA_sd+PCV_sd+MAT_mean+TSN_mean+NA+NA+NA+NA","0.792","221.6"
"TA_sd+PA_sd+PCV_sd+MAT_mean+PSN_mean+NA+NA+NA+NA","0.797","217.808"
"TA_sd+PA_sd+PCV_sd+MAT_sd+TSN_mean+NA+NA+NA+NA","0.744","255.247"
"TA_sd+PA_sd+PCV_sd+MAT_sd+PSN_mean+NA+NA+NA+NA","0.744","255.492"
"TA_sd+PA_sd+PCV_sd+TSN_mean+PSN_mean+NA+NA+NA+NA","0.752","250.153"
"TA_sd+PA_sd+MAT_mean+MAT_sd+TSN_mean+NA+NA+NA+NA","0.774","235.105"
"TA_sd+PA_sd+MAT_mean+MAT_sd+PSN_mean+NA+NA+NA+NA","0.777","232.958"
"TA_sd+PA_sd+MAT_mean+TSN_mean+PSN_mean+NA+NA+NA+NA","0.781","230.258"
"TA_sd+PA_sd+MAT_sd+TSN_mean+PSN_mean+NA+NA+NA+NA","0.73","264.061"
"TA_sd+TCV_mean+PCV_sd+MAT_mean+MAT_sd+NA+NA+NA+NA","0.787","225.32"
"TA_sd+TCV_mean+PCV_sd+MAT_mean+TSN_mean+NA+NA+NA+NA","0.79","223.223"
"TA_sd+TCV_mean+PCV_sd+MAT_mean+PSN_mean+NA+NA+NA+NA","0.795","219.245"
"TA_sd+TCV_mean+PCV_sd+MAT_sd+TSN_mean+NA+NA+NA+NA","0.744","255.28"
"TA_sd+TCV_mean+PCV_sd+MAT_sd+PSN_mean+NA+NA+NA+NA","0.745","255.124"
"TA_sd+TCV_mean+PCV_sd+TSN_mean+PSN_mean+NA+NA+NA+NA","0.752","250.117"
"TA_sd+TCV_mean+MAT_mean+MAT_sd+TSN_mean+NA+NA+NA+NA","0.77","238.036"
"TA_sd+TCV_mean+MAT_mean+MAT_sd+PSN_mean+NA+NA+NA+NA","0.773","235.611"
"TA_sd+TCV_mean+MAT_mean+TSN_mean+PSN_mean+NA+NA+NA+NA","0.776","233.343"
"TA_sd+TCV_mean+MAT_sd+TSN_mean+PSN_mean+NA+NA+NA+NA","0.73","264.239"
"TA_sd+PCV_sd+MAT_mean+MAT_sd+TSN_mean+NA+NA+NA+NA","0.791","222.477"
"TA_sd+PCV_sd+MAT_mean+MAT_sd+PSN_mean+NA+NA+NA+NA","0.796","218.528"
"TA_sd+PCV_sd+MAT_mean+TSN_mean+PSN_mean+NA+NA+NA+NA","0.798","217.189"
"TA_sd+PCV_sd+MAT_sd+TSN_mean+PSN_mean+NA+NA+NA+NA","0.753","249.478"
"TA_sd+MAT_mean+MAT_sd+TSN_mean+PSN_mean+NA+NA+NA+NA","0.777","233.336"
"PA_sd+TCV_mean+PCV_sd+MAT_mean+MAT_sd+NA+NA+NA+NA","0.787","225.765"
"PA_sd+TCV_mean+PCV_sd+MAT_mean+TSN_mean+NA+NA+NA+NA","0.791","222.528"
"PA_sd+TCV_mean+PCV_sd+MAT_mean+PSN_mean+NA+NA+NA+NA","0.795","219.447"
"PA_sd+TCV_mean+PCV_sd+MAT_sd+TSN_mean+NA+NA+NA+NA","0.734","261.632"
"PA_sd+TCV_mean+PCV_sd+MAT_sd+PSN_mean+NA+NA+NA+NA","0.733","262.54"
"PA_sd+TCV_mean+PCV_sd+TSN_mean+PSN_mean+NA+NA+NA+NA","0.742","256.632"
"PA_sd+TCV_mean+MAT_mean+MAT_sd+TSN_mean+NA+NA+NA+NA","0.772","236.311"
"PA_sd+TCV_mean+MAT_mean+MAT_sd+PSN_mean+NA+NA+NA+NA","0.775","234.694"
"PA_sd+TCV_mean+MAT_mean+TSN_mean+PSN_mean+NA+NA+NA+NA","0.779","231.698"
"PA_sd+TCV_mean+MAT_sd+TSN_mean+PSN_mean+NA+NA+NA+NA","0.72","270.198"
"PA_sd+PCV_sd+MAT_mean+MAT_sd+TSN_mean+NA+NA+NA+NA","0.791","222.679"
"PA_sd+PCV_sd+MAT_mean+MAT_sd+PSN_mean+NA+NA+NA+NA","0.795","219.562"
"PA_sd+PCV_sd+MAT_mean+TSN_mean+PSN_mean+NA+NA+NA+NA","0.798","217.251"
"PA_sd+PCV_sd+MAT_sd+TSN_mean+PSN_mean+NA+NA+NA+NA","0.742","256.555"
"PA_sd+MAT_mean+MAT_sd+TSN_mean+PSN_mean+NA+NA+NA+NA","0.778","232.103"
"TCV_mean+PCV_sd+MAT_mean+MAT_sd+TSN_mean+NA+NA+NA+NA","0.789","224.011"
"TCV_mean+PCV_sd+MAT_mean+MAT_sd+PSN_mean+NA+NA+NA+NA","0.793","220.734"
"TCV_mean+PCV_sd+MAT_mean+TSN_mean+PSN_mean+NA+NA+NA+NA","0.796","218.795"
"TCV_mean+PCV_sd+MAT_sd+TSN_mean+PSN_mean+NA+NA+NA+NA","0.742","256.512"
"TCV_mean+MAT_mean+MAT_sd+TSN_mean+PSN_mean+NA+NA+NA+NA","0.774","234.931"
"PCV_sd+MAT_mean+MAT_sd+TSN_mean+PSN_mean+NA+NA+NA+NA","0.796","218.768"
"TA_mean+TA_sd+PA_sd+TCV_mean+PCV_sd+MAT_mean+NA+NA+NA","0.789","225.839"
"TA_mean+TA_sd+PA_sd+TCV_mean+PCV_sd+MAT_sd+NA+NA+NA","0.738","261.062"
"TA_mean+TA_sd+PA_sd+TCV_mean+PCV_sd+TSN_mean+NA+NA+NA","0.749","254.27"
"TA_mean+TA_sd+PA_sd+TCV_mean+PCV_sd+PSN_mean+NA+NA+NA","0.751","253.239"
"TA_mean+TA_sd+PA_sd+TCV_mean+MAT_mean+MAT_sd+NA+NA+NA","0.772","238.943"
"TA_mean+TA_sd+PA_sd+TCV_mean+MAT_mean+TSN_mean+NA+NA+NA","0.777","235.016"
"TA_mean+TA_sd+PA_sd+TCV_mean+MAT_mean+PSN_mean+NA+NA+NA","0.781","232.343"
"TA_mean+TA_sd+PA_sd+TCV_mean+MAT_sd+TSN_mean+NA+NA+NA","0.729","266.675"
"TA_mean+TA_sd+PA_sd+TCV_mean+MAT_sd+PSN_mean+NA+NA+NA","0.73","266.049"
"TA_mean+TA_sd+PA_sd+TCV_mean+TSN_mean+PSN_mean+NA+NA+NA","0.739","260.56"
"TA_mean+TA_sd+PA_sd+PCV_sd+MAT_mean+MAT_sd+NA+NA+NA","0.79","225.164"
"TA_mean+TA_sd+PA_sd+PCV_sd+MAT_mean+TSN_mean+NA+NA+NA","0.794","222.362"
"TA_mean+TA_sd+PA_sd+PCV_sd+MAT_mean+PSN_mean+NA+NA+NA","0.799","218.115"
"TA_mean+TA_sd+PA_sd+PCV_sd+MAT_sd+TSN_mean+NA+NA+NA","0.75","253.809"
"TA_mean+TA_sd+PA_sd+PCV_sd+MAT_sd+PSN_mean+NA+NA+NA","0.751","253.009"
"TA_mean+TA_sd+PA_sd+PCV_sd+TSN_mean+PSN_mean+NA+NA+NA","0.759","247.401"
"TA_mean+TA_sd+PA_sd+MAT_mean+MAT_sd+TSN_mean+NA+NA+NA","0.776","235.553"
"TA_mean+TA_sd+PA_sd+MAT_mean+MAT_sd+PSN_mean+NA+NA+NA","0.78","233.044"
"TA_mean+TA_sd+PA_sd+MAT_mean+TSN_mean+PSN_mean+NA+NA+NA","0.783","230.315"
"TA_mean+TA_sd+PA_sd+MAT_sd+TSN_mean+PSN_mean+NA+NA+NA","0.739","260.533"
"TA_mean+TA_sd+TCV_mean+PCV_sd+MAT_mean+MAT_sd+NA+NA+NA","0.789","226.228"
"TA_mean+TA_sd+TCV_mean+PCV_sd+MAT_mean+TSN_mean+NA+NA+NA","0.792","223.719"
"TA_mean+TA_sd+TCV_mean+PCV_sd+MAT_mean+PSN_mean+NA+NA+NA","0.798","219.254"
"TA_mean+TA_sd+TCV_mean+PCV_sd+MAT_sd+TSN_mean+NA+NA+NA","0.75","253.818"
"TA_mean+TA_sd+TCV_mean+PCV_sd+MAT_sd+PSN_mean+NA+NA+NA","0.751","252.866"
"TA_mean+TA_sd+TCV_mean+PCV_sd+TSN_mean+PSN_mean+NA+NA+NA","0.759","247.428"
"TA_mean+TA_sd+TCV_mean+MAT_mean+MAT_sd+TSN_mean+NA+NA+NA","0.773","238.165"
"TA_mean+TA_sd+TCV_mean+MAT_mean+MAT_sd+PSN_mean+NA+NA+NA","0.776","235.402"
"TA_mean+TA_sd+TCV_mean+MAT_mean+TSN_mean+PSN_mean+NA+NA+NA","0.78","233.084"
"TA_mean+TA_sd+TCV_mean+MAT_sd+TSN_mean+PSN_mean+NA+NA+NA","0.739","260.785"
"TA_mean+TA_sd+PCV_sd+MAT_mean+MAT_sd+TSN_mean+NA+NA+NA","0.792","223.54"
"TA_mean+TA_sd+PCV_sd+MAT_mean+MAT_sd+PSN_mean+NA+NA+NA","0.798","219.247"
"TA_mean+TA_sd+PCV_sd+MAT_mean+TSN_mean+PSN_mean+NA+NA+NA","0.799","217.664"
"TA_mean+TA_sd+PCV_sd+MAT_sd+TSN_mean+PSN_mean+NA+NA+NA","0.759","247.29"
"TA_mean+TA_sd+MAT_mean+MAT_sd+TSN_mean+PSN_mean+NA+NA+NA","0.779","233.283"
"TA_mean+PA_sd+TCV_mean+PCV_sd+MAT_mean+MAT_sd+NA+NA+NA","0.788","226.901"
"TA_mean+PA_sd+TCV_mean+PCV_sd+MAT_mean+TSN_mean+NA+NA+NA","0.792","223.389"
"TA_mean+PA_sd+TCV_mean+PCV_sd+MAT_mean+PSN_mean+NA+NA+NA","0.797","219.952"
"TA_mean+PA_sd+TCV_mean+PCV_sd+MAT_sd+TSN_mean+NA+NA+NA","0.739","260.576"
"TA_mean+PA_sd+TCV_mean+PCV_sd+MAT_sd+PSN_mean+NA+NA+NA","0.739","260.742"
"TA_mean+PA_sd+TCV_mean+PCV_sd+TSN_mean+PSN_mean+NA+NA+NA","0.748","254.786"
"TA_mean+PA_sd+TCV_mean+MAT_mean+MAT_sd+TSN_mean+NA+NA+NA","0.774","236.802"
"TA_mean+PA_sd+TCV_mean+MAT_mean+MAT_sd+PSN_mean+NA+NA+NA","0.777","234.871"
"TA_mean+PA_sd+TCV_mean+MAT_mean+TSN_mean+PSN_mean+NA+NA+NA","0.781","231.962"
"TA_mean+PA_sd+TCV_mean+MAT_sd+TSN_mean+PSN_mean+NA+NA+NA","0.728","267.149"
"TA_mean+PA_sd+PCV_sd+MAT_mean+MAT_sd+TSN_mean+NA+NA+NA","0.792","223.978"
"TA_mean+PA_sd+PCV_sd+MAT_mean+MAT_sd+PSN_mean+NA+NA+NA","0.796","220.604"
"TA_mean+PA_sd+PCV_sd+MAT_mean+TSN_mean+PSN_mean+NA+NA+NA","0.799","218.162"
"TA_mean+PA_sd+PCV_sd+MAT_sd+TSN_mean+PSN_mean+NA+NA+NA","0.748","254.777"
"TA_mean+PA_sd+MAT_mean+MAT_sd+TSN_mean+PSN_mean+NA+NA+NA","0.78","232.474"
"TA_mean+TCV_mean+PCV_sd+MAT_mean+MAT_sd+TSN_mean+NA+NA+NA","0.79","225.107"
"TA_mean+TCV_mean+PCV_sd+MAT_mean+MAT_sd+PSN_mean+NA+NA+NA","0.795","221.56"
"TA_mean+TCV_mean+PCV_sd+MAT_mean+TSN_mean+PSN_mean+NA+NA+NA","0.797","219.465"
"TA_mean+TCV_mean+PCV_sd+MAT_sd+TSN_mean+PSN_mean+NA+NA+NA","0.748","254.779"
"TA_mean+TCV_mean+MAT_mean+MAT_sd+TSN_mean+PSN_mean+NA+NA+NA","0.777","234.994"
"TA_mean+PCV_sd+MAT_mean+MAT_sd+TSN_mean+PSN_mean+NA+NA+NA","0.797","219.791"
"TA_sd+PA_sd+TCV_mean+PCV_sd+MAT_mean+MAT_sd+NA+NA+NA","0.79","225.558"
"TA_sd+PA_sd+TCV_mean+PCV_sd+MAT_mean+TSN_mean+NA+NA+NA","0.793","222.823"
"TA_sd+PA_sd+TCV_mean+PCV_sd+MAT_mean+PSN_mean+NA+NA+NA","0.798","219.094"
"TA_sd+PA_sd+TCV_mean+PCV_sd+MAT_sd+TSN_mean+NA+NA+NA","0.744","257.247"
"TA_sd+PA_sd+TCV_mean+PCV_sd+MAT_sd+PSN_mean+NA+NA+NA","0.745","257.044"
"TA_sd+PA_sd+TCV_mean+PCV_sd+TSN_mean+PSN_mean+NA+NA+NA","0.752","252.093"
"TA_sd+PA_sd+TCV_mean+MAT_mean+MAT_sd+TSN_mean+NA+NA+NA","0.775","236.576"
"TA_sd+PA_sd+TCV_mean+MAT_mean+MAT_sd+PSN_mean+NA+NA+NA","0.778","234.486"
"TA_sd+PA_sd+TCV_mean+MAT_mean+TSN_mean+PSN_mean+NA+NA+NA","0.781","231.849"
"TA_sd+PA_sd+TCV_mean+MAT_sd+TSN_mean+PSN_mean+NA+NA+NA","0.73","265.976"
"TA_sd+PA_sd+PCV_sd+MAT_mean+MAT_sd+TSN_mean+NA+NA+NA","0.794","222.403"
"TA_sd+PA_sd+PCV_sd+MAT_mean+MAT_sd+PSN_mean+NA+NA+NA","0.798","218.779"
"TA_sd+PA_sd+PCV_sd+MAT_mean+TSN_mean+PSN_mean+NA+NA+NA","0.8","217.068"
"TA_sd+PA_sd+PCV_sd+MAT_sd+TSN_mean+PSN_mean+NA+NA+NA","0.753","251.449"
"TA_sd+PA_sd+MAT_mean+MAT_sd+TSN_mean+PSN_mean+NA+NA+NA","0.781","232.104"
"TA_sd+TCV_mean+PCV_sd+MAT_mean+MAT_sd+TSN_mean+NA+NA+NA","0.792","223.975"
"TA_sd+TCV_mean+PCV_sd+MAT_mean+MAT_sd+PSN_mean+NA+NA+NA","0.796","220.178"
"TA_sd+TCV_mean+PCV_sd+MAT_mean+TSN_mean+PSN_mean+NA+NA+NA","0.798","218.848"
"TA_sd+TCV_mean+PCV_sd+MAT_sd+TSN_mean+PSN_mean+NA+NA+NA","0.753","251.424"
"TA_sd+TCV_mean+MAT_mean+MAT_sd+TSN_mean+PSN_mean+NA+NA+NA","0.777","235.2"
"TA_sd+PCV_sd+MAT_mean+MAT_sd+TSN_mean+PSN_mean+NA+NA+NA","0.799","218.37"
"PA_sd+TCV_mean+PCV_sd+MAT_mean+MAT_sd+TSN_mean+NA+NA+NA","0.792","223.785"
"PA_sd+TCV_mean+PCV_sd+MAT_mean+MAT_sd+PSN_mean+NA+NA+NA","0.795","220.894"
"PA_sd+TCV_mean+PCV_sd+MAT_mean+TSN_mean+PSN_mean+NA+NA+NA","0.798","218.557"
"PA_sd+TCV_mean+PCV_sd+MAT_sd+TSN_mean+PSN_mean+NA+NA+NA","0.742","258.507"
"PA_sd+TCV_mean+MAT_mean+MAT_sd+TSN_mean+PSN_mean+NA+NA+NA","0.779","233.672"
"PA_sd+PCV_sd+MAT_mean+MAT_sd+TSN_mean+PSN_mean+NA+NA+NA","0.798","218.861"
"TCV_mean+PCV_sd+MAT_mean+MAT_sd+TSN_mean+PSN_mean+NA+NA+NA","0.796","220.365"
"TA_mean+TA_sd+PA_sd+TCV_mean+PCV_sd+MAT_mean+MAT_sd+NA+NA","0.791","226.518"
"TA_mean+TA_sd+PA_sd+TCV_mean+PCV_sd+MAT_mean+TSN_mean+NA+NA","0.795","223.413"
"TA_mean+TA_sd+PA_sd+TCV_mean+PCV_sd+MAT_mean+PSN_mean+NA+NA","0.8","219.089"
"TA_mean+TA_sd+PA_sd+TCV_mean+PCV_sd+MAT_sd+TSN_mean+NA+NA","0.75","255.779"
"TA_mean+TA_sd+PA_sd+TCV_mean+PCV_sd+MAT_sd+PSN_mean+NA+NA","0.751","254.803"
"TA_mean+TA_sd+PA_sd+TCV_mean+PCV_sd+TSN_mean+PSN_mean+NA+NA","0.759","249.4"
"TA_mean+TA_sd+PA_sd+TCV_mean+MAT_mean+MAT_sd+TSN_mean+NA+NA","0.777","236.904"
"TA_mean+TA_sd+PA_sd+TCV_mean+MAT_mean+MAT_sd+PSN_mean+NA+NA","0.781","234.322"
"TA_mean+TA_sd+PA_sd+TCV_mean+MAT_mean+TSN_mean+PSN_mean+NA+NA","0.784","231.783"
"TA_mean+TA_sd+PA_sd+TCV_mean+MAT_sd+TSN_mean+PSN_mean+NA+NA","0.739","262.524"
"TA_mean+TA_sd+PA_sd+PCV_sd+MAT_mean+MAT_sd+TSN_mean+NA+NA","0.795","223.575"
"TA_mean+TA_sd+PA_sd+PCV_sd+MAT_mean+MAT_sd+PSN_mean+NA+NA","0.8","219.568"
"TA_mean+TA_sd+PA_sd+PCV_sd+MAT_mean+TSN_mean+PSN_mean+NA+NA","0.802","217.674"
"TA_mean+TA_sd+PA_sd+PCV_sd+MAT_sd+TSN_mean+PSN_mean+NA+NA","0.76","249.261"
"TA_mean+TA_sd+PA_sd+MAT_mean+MAT_sd+TSN_mean+PSN_mean+NA+NA","0.783","232.299"
"TA_mean+TA_sd+TCV_mean+PCV_sd+MAT_mean+MAT_sd+TSN_mean+NA+NA","0.793","224.928"
"TA_mean+TA_sd+TCV_mean+PCV_sd+MAT_mean+MAT_sd+PSN_mean+NA+NA","0.798","220.723"
"TA_mean+TA_sd+TCV_mean+PCV_sd+MAT_mean+TSN_mean+PSN_mean+NA+NA","0.8","219.184"
"TA_mean+TA_sd+TCV_mean+PCV_sd+MAT_sd+TSN_mean+PSN_mean+NA+NA","0.76","249.288"
"TA_mean+TA_sd+TCV_mean+MAT_mean+MAT_sd+TSN_mean+PSN_mean+NA+NA","0.78","235.076"
"TA_mean+TA_sd+PCV_sd+MAT_mean+MAT_sd+TSN_mean+PSN_mean+NA+NA","0.8","219.222"
"TA_mean+PA_sd+TCV_mean+PCV_sd+MAT_mean+MAT_sd+TSN_mean+NA+NA","0.793","224.967"
"TA_mean+PA_sd+TCV_mean+PCV_sd+MAT_mean+MAT_sd+PSN_mean+NA+NA","0.797","221.741"
"TA_mean+PA_sd+TCV_mean+PCV_sd+MAT_mean+TSN_mean+PSN_mean+NA+NA","0.8","219.326"
"TA_mean+PA_sd+TCV_mean+PCV_sd+MAT_sd+TSN_mean+PSN_mean+NA+NA","0.748","256.775"
"TA_mean+PA_sd+TCV_mean+MAT_mean+MAT_sd+TSN_mean+PSN_mean+NA+NA","0.781","233.95"
"TA_mean+PA_sd+PCV_sd+MAT_mean+MAT_sd+TSN_mean+PSN_mean+NA+NA","0.799","219.995"
"TA_mean+TCV_mean+PCV_sd+MAT_mean+MAT_sd+TSN_mean+PSN_mean+NA+NA","0.797","221.292"
"TA_sd+PA_sd+TCV_mean+PCV_sd+MAT_mean+MAT_sd+TSN_mean+NA+NA","0.795","223.559"
"TA_sd+PA_sd+TCV_mean+PCV_sd+MAT_mean+MAT_sd+PSN_mean+NA+NA","0.799","220.083"
"TA_sd+PA_sd+TCV_mean+PCV_sd+MAT_mean+TSN_mean+PSN_mean+NA+NA","0.801","218.399"
"TA_sd+PA_sd+TCV_mean+PCV_sd+MAT_sd+TSN_mean+PSN_mean+NA+NA","0.753","253.403"
"TA_sd+PA_sd+TCV_mean+MAT_mean+MAT_sd+TSN_mean+PSN_mean+NA+NA","0.781","233.69"
"TA_sd+PA_sd+PCV_sd+MAT_mean+MAT_sd+TSN_mean+PSN_mean+NA+NA","0.801","218.257"
"TA_sd+TCV_mean+PCV_sd+MAT_mean+MAT_sd+TSN_mean+PSN_mean+NA+NA","0.799","220.003"
"PA_sd+TCV_mean+PCV_sd+MAT_mean+MAT_sd+TSN_mean+PSN_mean+NA+NA","0.799","220.145"
"TA_mean+TA_sd+PA_sd+TCV_mean+PCV_sd+MAT_mean+MAT_sd+TSN_mean+NA","0.796","224.596"
"TA_mean+TA_sd+PA_sd+TCV_mean+PCV_sd+MAT_mean+MAT_sd+PSN_mean+NA","0.801","220.613"
"TA_mean+TA_sd+PA_sd+TCV_mean+PCV_sd+MAT_mean+TSN_mean+PSN_mean+NA","0.803","218.813"
"TA_mean+TA_sd+PA_sd+TCV_mean+PCV_sd+MAT_sd+TSN_mean+PSN_mean+NA","0.76","251.261"
"TA_mean+TA_sd+PA_sd+TCV_mean+MAT_mean+MAT_sd+TSN_mean+PSN_mean+NA","0.784","233.768"
"TA_mean+TA_sd+PA_sd+PCV_sd+MAT_mean+MAT_sd+TSN_mean+PSN_mean+NA","0.802","219.223"
"TA_mean+TA_sd+TCV_mean+PCV_sd+MAT_mean+MAT_sd+TSN_mean+PSN_mean+NA","0.801","220.74"
"TA_mean+PA_sd+TCV_mean+PCV_sd+MAT_mean+MAT_sd+TSN_mean+PSN_mean+NA","0.8","221.159"
"TA_sd+PA_sd+TCV_mean+PCV_sd+MAT_mean+MAT_sd+TSN_mean+PSN_mean+NA","0.802","219.565"
"TA_mean+TA_sd+PA_sd+TCV_mean+PCV_sd+MAT_mean+MAT_sd+TSN_mean+PSN_mean","0.803","220.376"
